scene,section,start_est,duration_sec_est,narration,visual_prompt,on_screen_text,notes
1,Hook,0:00,5.6,"For nine years, the CIA kept losing its best spies inside the Soviet Union.","Flat 2D editorial illustration, dark navy and black palette with red accent, documentary tone, no real faces, no logos, no text unless specified. Empty dark office corridor, single overhead light.",1985-1994,
2,Hook,0:05,3.6,They were arrested. At least ten of them died.,"Flat 2D editorial illustration, dark navy and black palette with red accent, documentary tone, no real faces, no logos, no text unless specified. Stack of case files with a red CLOSED stamp.",,Pause before 'At least ten'.
3,Hook,0:09,12.4,"And the man who had sold them out was working inside the CIA, spending more than six hundred thousand dollars on a house and cars no government salary could pay for.","Flat 2D editorial illustration, dark navy and black palette with red accent, documentary tone, no real faces, no logos, no text unless specified. Silhouette of a man at a desk, then quick cuts to a house and a car silhouette.","$600,000+",
4,Hook,0:21,3.0,Nobody stopped him.,"Flat 2D editorial illustration, dark navy and black palette with red accent, documentary tone, no real faces, no logos, no text unless specified. Close-up of an empty desk, lamp flickering.",,Short beat.
5,Hook,0:24,6.4,"Here is how he got away with it, and the small team that finally caught him.","Flat 2D editorial illustration, dark navy and black palette with red accent, documentary tone, no real faces, no logos, no text unless specified. Two silhouettes at a table covered in files.",,Open loop; pays off in sections 5-6.
6,Who he was,0:31,3.0,His name was Aldrich Ames.,"Flat 2D editorial illustration, dark navy and black palette with red accent, documentary tone, no real faces, no logos, no text unless specified. Silhouette of a man in a suit at a desk; name appears in typewriter style.",Aldrich Ames,
7,Who he was,0:34,10.0,"He was not an outsider who slipped past security. By the time he was arrested, he was a thirty-one-year veteran of the Central Intelligence Agency.","Flat 2D editorial illustration, dark navy and black palette with red accent, documentary tone, no real faces, no logos, no text unless specified. Generic government headquarters exterior among trees, daytime (illustration, not a real photo).","CIA officer, 31 years",
8,Who he was,0:44,11.6,"He had worked in the part of the CIA that handled the Soviet Union, and that meant he had access to exactly the kind of information Moscow wanted most.","Flat 2D editorial illustration, dark navy and black palette with red accent, documentary tone, no real faces, no logos, no text unless specified. Locked file cabinet drawers, folders labelled SOVIET DIVISION.",,
9,Who he was,0:55,5.2,All the Soviets needed was someone inside who was willing to sell it.,"Flat 2D editorial illustration, dark navy and black palette with red accent, documentary tone, no real faces, no logos, no text unless specified. A hand sliding a sealed envelope across a table.",,
10,April 1985,1:00,5.6,"In April 1985, he made his choice. Ames began spying for the Soviet Union.","Flat 2D editorial illustration, dark navy and black palette with red accent, documentary tone, no real faces, no logos, no text unless specified. Calendar page showing April 1985.",April 1985,
11,April 1985,1:06,6.0,And he did not do it once. He kept doing it for almost nine years.,"Flat 2D editorial illustration, dark navy and black palette with red accent, documentary tone, no real faces, no logos, no text unless specified. Calendar pages flipping fast from 1985 to 1994.",1985 > 1994,
12,April 1985,1:12,7.6,The FBI says what he passed along led to the compromise of more than one hundred American intelligence operations.,"Flat 2D editorial illustration, dark navy and black palette with red accent, documentary tone, no real faces, no logos, no text unless specified. Grid of 100 file icons going dark one by one.",100+ operations compromised,
13,April 1985,1:20,8.8,And the Senate Intelligence Committee later estimated that he may have been paid around two and a half million dollars for it.,"Flat 2D editorial illustration, dark navy and black palette with red accent, documentary tone, no real faces, no logos, no text unless specified. Briefcase of cash, silhouette style.",~$2.5 million (Senate estimate),
14,April 1985,1:28,7.2,But the money is not the part that matters. The part that matters is who paid the price.,"Flat 2D editorial illustration, dark navy and black palette with red accent, documentary tone, no real faces, no logos, no text unless specified. Cut to black, slow fade.",,Pause after 'matters'.
15,The people who disappeared,1:36,6.8,"Think about who these people were. They were inside the Soviet system, quietly helping the United States.","Flat 2D editorial illustration, dark navy and black palette with red accent, documentary tone, no real faces, no logos, no text unless specified. Silhouettes on a snowy city street at night, one figure looking back.",,Slow pacing begins; quieter music.
16,The people who disappeared,1:42,6.0,They had taken risks most of us cannot picture. Some had been trusted for years.,"Flat 2D editorial illustration, dark navy and black palette with red accent, documentary tone, no real faces, no logos, no text unless specified. A lone figure walking through a lit doorway.",,
17,The people who disappeared,1:48,3.0,"Then, one by one, they were gone.","Flat 2D editorial illustration, dark navy and black palette with red accent, documentary tone, no real faces, no logos, no text unless specified. Row of empty chairs; map of the Soviet Union with markers.",,
18,The people who disappeared,1:51,3.2,Arrested. Silenced. At least ten of them died.,"Flat 2D editorial illustration, dark navy and black palette with red accent, documentary tone, no real faces, no logos, no text unless specified. Markers on the map go dark one at a time; silhouettes fade.",At least 10 died,Slow down; pause before 'At least ten'.
19,The people who disappeared,1:55,9.2,"And inside the CIA, the people who had worked with them struggled to explain it. Operations that had worked for years suddenly collapsed.","Flat 2D editorial illustration, dark navy and black palette with red accent, documentary tone, no real faces, no logos, no text unless specified. Analysts staring at a wall of files, red strings snapping.",,
20,The people who disappeared,2:04,12.4,"Every possible explanation was a bad one. Either the Soviets had found a way to break the CIA's methods from the outside, or someone on the inside was handing them over.","Flat 2D editorial illustration, dark navy and black palette with red accent, documentary tone, no real faces, no logos, no text unless specified. Split frame: a lock being picked from outside / a door opened from inside.",,[V] confirm framing in Circle of Treason.
21,The people who disappeared,2:16,4.8,That second possibility was the one nobody wanted to say out loud.,"Flat 2D editorial illustration, dark navy and black palette with red accent, documentary tone, no real faces, no logos, no text unless specified. Close-up silhouettes at a table, one raising a finger to their lips.",,
22,The mole hunt,2:21,6.8,"In early 1991, a small team inside the CIA was given a single job: find the cause.","Flat 2D editorial illustration, dark navy and black palette with red accent, documentary tone, no real faces, no logos, no text unless specified. Small windowless room, table, stacks of files.",Early 1991: the hunt begins,
23,The mole hunt,2:28,4.4,"Among them were two longtime officers, Sandy Grimes and Jeanne Vertefeuille.","Flat 2D editorial illustration, dark navy and black palette with red accent, documentary tone, no real faces, no logos, no text unless specified. Two silhouettes at the table with name captions (no real faces).",Sandy Grimes / Jeanne Vertefeuille,Check pronunciation of Vertefeuille.
24,The mole hunt,2:32,7.2,"They went back through the failed cases, one at a time, looking for what they had in common.","Flat 2D editorial illustration, dark navy and black palette with red accent, documentary tone, no real faces, no logos, no text unless specified. Whiteboard of names crossed out, string connecting pins.",,
25,The mole hunt,2:39,4.8,"It was slow, frustrating work. For a long time, it led nowhere.","Flat 2D editorial illustration, dark navy and black palette with red accent, documentary tone, no real faces, no logos, no text unless specified. Time-lapse feel: clock, growing paper stack, coffee cups.",,
26,The mole hunt,2:44,7.2,"And then, they looked at something no one had wanted to look at. They looked at the money.","Flat 2D editorial illustration, dark navy and black palette with red accent, documentary tone, no real faces, no logos, no text unless specified. Slow zoom onto a bank statement.",,Pause before 'They looked at the money.'
27,The money,2:51,3.2,"In August 1992, the team found a pattern.","Flat 2D editorial illustration, dark navy and black palette with red accent, documentary tone, no real faces, no logos, no text unless specified. Bank statement graphic with deposits highlighted.",August 1992,Date (Aug 1992) still worth confirming; no person named.
28,The money,2:55,5.6,Ames had made large bank deposits right after meetings with a particular Soviet official.,"Flat 2D editorial illustration, dark navy and black palette with red accent, documentary tone, no real faces, no logos, no text unless specified. Timeline: meeting icon, then deposit icon, repeating.",,[V]
29,The money,3:00,10.4,"Then came the lifestyle. By 1993, on a government salary, Ames had spent more than six hundred thousand dollars on a new house and luxury cars.","Flat 2D editorial illustration, dark navy and black palette with red accent, documentary tone, no real faces, no logos, no text unless specified. Whip-cut between a house and a car (illustration).","$600,000+ on a house and cars",
30,The money,3:11,3.0,The numbers did not add up.,"Flat 2D editorial illustration, dark navy and black palette with red accent, documentary tone, no real faces, no logos, no text unless specified. Salary bar vs spending bar, badly mismatched.",,
31,The money,3:14,5.6,"The case moved to the FBI. In May 1993, the bureau opened its investigation.","Flat 2D editorial illustration, dark navy and black palette with red accent, documentary tone, no real faces, no logos, no text unless specified. A file passing from one hand to another.",May 1993: FBI investigation opens,
32,The money,3:19,5.6,And the hunt for the mole had finally become a hunt for a man.,"Flat 2D editorial illustration, dark navy and black palette with red accent, documentary tone, no real faces, no logos, no text unless specified. Wall of suspects collapsing to a single silhouette.",,
33,Surveillance,3:25,7.2,"For ten months, FBI agents and investigative specialists watched him. Physical surveillance. Electronic surveillance. Every move, every routine.","Flat 2D editorial illustration, dark navy and black palette with red accent, documentary tone, no real faces, no logos, no text unless specified. Night street seen through binocular framing; headphones on a table.",,
34,Surveillance,3:32,5.6,"On October 13, 1993, they saw him make a chalk mark on a mailbox.","Flat 2D editorial illustration, dark navy and black palette with red accent, documentary tone, no real faces, no logos, no text unless specified. Mailbox with a chalk mark.","Oct 13, 1993",
35,Surveillance,3:37,6.4,"It was a signal. It told the Russians he intended to meet them in Bogotá, Colombia.","Flat 2D editorial illustration, dark navy and black palette with red accent, documentary tone, no real faces, no logos, no text unless specified. Map with a pin on Bogotá.","Bogotá, Colombia",Pronounce 'boh-goh-TAH'.
36,Surveillance,3:44,6.0,"On November 1, agents watched him in Bogotá. And separately, they saw his Russian handler.","Flat 2D editorial illustration, dark navy and black palette with red accent, documentary tone, no real faces, no logos, no text unless specified. City skyline with two separate silhouettes.","Nov 1, 1993",
37,Surveillance,3:50,6.0,"There was more. Investigators found incriminating evidence in his home, and on his home computer.","Flat 2D editorial illustration, dark navy and black palette with red accent, documentary tone, no real faces, no logos, no text unless specified. Old CRT computer glowing on a desk; evidence bag.",,[V] confirm.
38,Surveillance,3:56,4.0,The case was no longer a suspicion. It was proof.,"Flat 2D editorial illustration, dark navy and black palette with red accent, documentary tone, no real faces, no logos, no text unless specified. EVIDENCE stamp.",,
39,The arrest,4:00,4.8,"On February 21, 1994, the FBI arrested Aldrich Ames in Arlington, Virginia.","Flat 2D editorial illustration, dark navy and black palette with red accent, documentary tone, no real faces, no logos, no text unless specified. Quiet residential street at dawn, dark sedans.","Feb 21, 1994 - Arlington, Virginia",
40,The arrest,4:05,5.2,"They arrested his wife, Rosario, at the same time. She had helped him.","Flat 2D editorial illustration, dark navy and black palette with red accent, documentary tone, no real faces, no logos, no text unless specified. Two silhouettes at a front door.",,Pronounce 'roh-SAR-ee-oh'.
41,The arrest,4:10,3.0,Both pleaded guilty on April 28th.,"Flat 2D editorial illustration, dark navy and black palette with red accent, documentary tone, no real faces, no logos, no text unless specified. Courtroom sketch style frame.","Apr 28, 1994: guilty pleas",
42,The arrest,4:13,7.6,"Ames was sentenced to life in prison, with no possibility of parole. Rosario received a sentence of sixty-three months.","Flat 2D editorial illustration, dark navy and black palette with red accent, documentary tone, no real faces, no logos, no text unless specified. Prison gate; two sentence cards.","Life, no parole / 63 months",
43,How he got away with it,4:21,4.0,So how did a traitor stay hidden for nine years?,"Flat 2D editorial illustration, dark navy and black palette with red accent, documentary tone, no real faces, no logos, no text unless specified. Large building, lights going off floor by floor.",,
44,How he got away with it,4:25,4.0,The Senate Intelligence Committee gave its answer in November 1994.,"Flat 2D editorial illustration, dark navy and black palette with red accent, documentary tone, no real faces, no logos, no text unless specified. Hearing room illustration.","Senate Intelligence Committee, Nov 1, 1994",
45,How he got away with it,4:29,12.0,"It found that the CIA had been guilty of, quote, ""gross negligence, both individually and institutionally,"" in creating and allowing the environment in which Ames could operate without being caught.","Flat 2D editorial illustration, dark navy and black palette with red accent, documentary tone, no real faces, no logos, no text unless specified. Document page with the words 'gross negligence' highlighted.","""gross negligence""",[V] confirm exact quote.
46,How he got away with it,4:41,6.8,The agency was watching the world for spies. It was not watching the people inside the building.,"Flat 2D editorial illustration, dark navy and black palette with red accent, documentary tone, no real faces, no logos, no text unless specified. Camera pulls back: guards' eyes face outward, empty hallway inside.",,
47,Close,4:47,6.4,Ames was caught because a small team refused to stop asking where the money came from.,"Flat 2D editorial illustration, dark navy and black palette with red accent, documentary tone, no real faces, no logos, no text unless specified. Closed file folder under a single desk lamp.",,
48,Close,4:54,4.4,"If you want more true stories of spies and fraud, subscribe.","Flat 2D editorial illustration, dark navy and black palette with red accent, documentary tone, no real faces, no logos, no text unless specified. Dark file folder with a red stamp; subtle subscribe prompt at the bottom.",Subscribe,End on this; no outro.
